index,"('head_pos', 'term')","('head_pos', 'frequency')","('head_neg', 'term')","('head_neg', 'frequency')","('com_pos', 'term')","('com_pos', 'frequency')","('com_neg', 'term')","('com_neg', 'frequency')"
0,trump,38,trump,91,people,1582,people,3664
1,coronavirus,25,says,47,like,1450,trump,2170
2,says,19,coronavirus,42,n,1199,like,2132
3,covid,16,people,34,good,790,n,2120
4,world,16,china,33,time,702,police,1184
5,new,16,covid,30,work,652,time,1176
6,united,15,kong,29,trump,614,edit,1148
7,donald,14,police,29,make,592,china,1138
8,states,13,world,29,world,582,world,1124
9,president,13,hong,29,country,578,going,1100
10,china,13,climate,27,know,520,said,1072
11,people,11,ban,21,really,492,government,1030
12,intelligence,10,said,21,news,490,know,1008
13,free,10,president,21,said,488,fuck,998
14,russia,8,government,20,china,480,make,996
15,climate,8,global,19,think,474,think,970
16,amazon,8,saudi,19,going,470,right,876
17,canada,8,uk,19,edit,464,country,870
18,american,8,chinese,18,need,452,news,856
19,workers,8,say,18,money,452,years,800
20,uk,8,protesters,18,years,448,shit,784
21,national,7,donald,17,government,446,really,782
22,house,7,new,17,way,440,russia,770
23,right,7,war,16,right,426,good,750
24,time,7,canada,16,want,426,want,746
25,public,7,killed,16,new,420,say,730
26,election,7,protests,16,day,414,fucking,726
27,support,7,putin,14,best,360,way,676
28,court,7,minister,14,help,358,president,658
29,week,6,attack,14,great,358,need,646
