headline,label
A new lawsuit alleges Trump’s effort to overturn Michigan’s election results disenfranchises Black voters,-1
Spy Jonathan Pollard expected to fly to Israel after US lifts parole. Release marks latest gesture by departing Trump administration towards the Israeli government,0
"Biden to unveil first Cabinet picks on Tuesday, envisions scaled-down inauguration",0
‘National Embarrassment’: Christie Blasts Trump’s Legal Team As Election Challenges Fizzle,1
FDA authorizes emergency use of the antibody cocktail given to Trump to treat Covid-19,0
'Looks Like the Crazy Lady Has Logged On': Rep. Ilhan Omar Welcomes QAnon Conspiracy Theorist Marjorie Taylor Greene to Congress,0
A Judge Demolished The Trump Campaign’s Effort To Undo Biden’s Win In Pennsylvania And Push Fraud Conspiracies,0
GOP lawyers confuse Minnesota with Michigan in Georgia case they lost,-1
Bypassing McConnell: Democrats push Biden to aggressively use executive power,-1
"No, You Do Not Have to Feel the Trump Voter's Pain | There is no reason, after five and half years of untruths, dog-whistles, slurs and conspiracies, and weeks of Trump trying to undermine Biden’s win, to hug the people who want to disenfranchise you",0
Kelly Loeffler marketed derivatives during Great Recession at world's most notorious tax haven,-1
"Longtime diplomat says Trump conspiracies hurt U.S. more than Russia, China",-1
A bipartisan group of Georgia teens is trying to flip the Senate by enlisting thousands of students to vote in the January runoffs,0
"Plagued by COVID outbreaks, the meatpacking industry could be forced to change under Biden",-1
Wisconsin GOP election commissioner praised right-wing provocateur who promoted voter fraud conspiracies,1
"Twitter, Facebook to hand over @POTUS account to Biden on January 20",1
Putin Says He’s Not Ready to Recognize Biden as U.S. President,-1
Fact checking misleading claims over the Georgia recount,-1
Election 2020 updates: Biden to name first Cabinet pick Tuesday; Michigan elections board faces deadlock,-1
People Think Mnuchin Accidentally Said Trump Admin’s Most Honest Thing About COVID-19,1
"Lara Trump says 74 million people ""don't feel"" election accurate, cites campaign rally 'enthusiasm'",0
Fact check: Claims linking Dominion Voting Systems to Democrats are wrong or misleading,-1
Stacey Abrams’ Group Dropping $2.7 Million Ahead of Georgia Senate Runoffs,0
"After Trump meeting, Michigan GOP lawmakers affirmed Biden will win the state and urged Trump to focus on the COVID-19 pandemic currently ravaging the US",1
The Big Count: What’s Happening With the Census?,0
"Taiwan says unnamed U.S. official is visiting, cannot give details",0
The Danger (and Ineptitude) of Trump’s Failed Coup,-1
'A Hail Mary': Lt. Gov. Fetterman Responds To Pennsylvania Mail-In Ballot Lawsuit From Republicans,0
‘Something very historical’: Push for diverse Biden Cabinet,0
"Trump campaign requests recount of hand-recounted results in Georgia, which is unlikely to change outcome",0
"Gov. Andrew Cuomo to receive Emmy award for his 'leadership' during the pandemic, Twitter goes nuts",1
Pa. Senator Pat Toomey Says President Trump Has ‘Exhausted All Plausible Legal Options’,0
Trump election challenges sound alarm among voters of color,-1
Pompeo Trolls Critics in Long Goodbye as He Looks to His Future,-1
Trump to lose @POTUS Twitter account on January 20,-1
"Native American voters across Minnesota turned out to oust Trump - Vote totals were up around Red Lake, and 90% for Biden",0
Twitter to Meet With Biden Transition Team on Transfer of Social Media Accounts From Trump Admin,0
President-elect Joe Biden’s transition team is one of the most diverse ever Biden wants his administration to “look like America.” His transition team is a start.,1
Joe Biden promises to fix discrimination in housing. Here are 3 ways he plans to tackle it,1
A Final Try by Trump to Cut Drug Prices May Stumble in Court,-1
"Kelly Loeffler quarantining after testing positive for the coronavirus, then getting inconclusive result",1
White House Urges Vigilance On Coronavirus But Rejects Lockdowns As Solution,-1
The US Could Soon Ban the Selling of Carrier-Locked Phones,-1
Trump tries to drum out GOP election officials who won’t play his games — Georgia Secretary of State Brad Raffensperger's family has received threats and he expects a primary challenge in 2022,0
Trump’s wildest claims are going nowhere in court. Thank legal ethics. Thank legal ethics. The president’s lawyers can’t make assertions without evidence in front of judges.,-1
"U.S. reduces length of sanctions waiver, increasing pressure on Iraq and Iran",-1
Kamala’s Coattails: Republicans Flip Three Democratic House Seats in California,0
Trump’s tyranny is the moral equivalent of treason,-1
Trump requests recount in Georgia,0
Biden faces a race against the clock for U.S. to rejoin Iran nuclear deal | KTAB,0
"Team Trump Leaders, Including Campaign Manager Bill Stepien, Have No Faith in Rudy",0
Key GOP Michigan canvassing board member expected to vote against certifying results,0
"Trump slams global climate agreement that Biden intends to rejoin, during G20 speech | CBC News",1
Biden advisor: 'He does not have any concern' about Trump lawsuits,0
Trump campaign requests recount in Georgia,0
RNC Backs Trump's Bogus Claims That He Won the Election,1
"The Major Difference Between Black Male and Female Voters — Black male turnout for Trump wasn’t indicative of the president’s successful outreach efforts, but rather the long-standing relationship between this voting bloc and the GOP.",1
The Presidential Transition Meets Murphy’s Law | by Walter M. Shaub Jr.,0
Biden plans to name Blinken secretary of state: Bloomberg,0
How Trump Hopes to Use Party Machinery to Retain Control of the G.O.P.,1
When Coups Come Home,0
"Here’s when Biden’s win becomes official — and how Trump is trying to prevent that | With key deadlines looming, derailing the certification of results is part of the president’s strategy",1
Democrats gear up for last oversight showdown with Trump,0
Pressure grows from GOP for Trump to recognize Biden election win,1
Rudy Giuliani Is a Hot Mess,-1
Trump Takes Another L: Michigan GOPers Say No To Election Steal,-1
Shields and Brooks on the danger of Trump’s refusal to concede,-1
Reports say Perdue sought to boost campaign donors and company in which he purchased stock,1
"Trump campaign ""seeking to disenfranchise Black voters"" with election fraud claims: lawsuit",-1
Georgia will conduct recount after Trump campaign request,0
America is being subjected to a stress test – and Republicans are failing | Most elected Republicans are refusing to stand up to Trump. Their cowardice is one of the worst betrayals of public trust in the history of our republic,-1
Cuomo tells Biden $500 billion in stimulus funds needed to bail out states,0
Giuliani’s Rant About Suspicious Voting Was Based On A Massive Error,-1
Reverend who led Halloween march to the polls in North Carolina charged with felony assault,-1
"With Trump victory in Florida, the state turned a deeper red. What does it mean for future elections?",0
Feds draw near House Speaker Michael Madigan as key confidant weighs cooperation choice others have faced in Illinois corruption cases,0
"Fifth GOP Senator congratulates Biden and Harris, says Trump has ""exhausted all"" Penn. legal options",-1
"Powell: Servers were 'confiscated' from electronic voting company 'in Germany,' and 'it was our forces that got' them",0
"Week offers snapshot of how Trump, Biden approach presidency",0
Giuliani releases statement distancing Trump campaign from lawyer Sidney Powell,0
"Point of View: The ""S-word"" is not why Democrats lost House seats",1
Netanyahu says Biden must not go back to Iran deal,0
GOP leaders ask for delay in MI vote certification,-1
Trump wanted to bomb Iran — and still could — leaving Biden to pick up the pieces,-1
National Guard members sent to El Paso to help at overwhelmed morgue,1
"GOP Governor On Trump's Election Tantrum: Beginning To Look Like A 'Banana Republic' - ""Frankly, I'm embarrassed that more people in the party aren’t speaking up,"" Maryland Gov. Larry Hogan said.",0
NAACP Federal Suit: Trump Violated Voting Rights Act,-1
Neal Katyal: All of Trump’s criminal immunity expires in about 60 days,-1
Why Kemp formalized Georgia’s election despite Trump’s pushback,0
The National Guard has been deployed to El Paso to provide support with the morgue crisis,-1
"Yes, Donald Trump claimed fraud after the 2016 Iowa caucuses",-1
"Trump’s Pennsylvania Suit is ‘Incoherent Conspiracy,’ Voters Say",0
"Murkowski tells Trump: ""It is time to begin the full and formal transition process""",0
Former Ohio Gov. John Kasich Says GOP Is 'Afraid' Of Trump,0
The Latest: Midwest governors: Stay home for Thanksgiving,0
"Trump’s Legal Team Cried Voter Fraud, But Courts Found None",-1
Can American democracy survive Donald Trump?,0
Trump calls on GOP state legislatures to overturn election results,0
AP Explains: The FBI is investigating Texas AG Ken Paxton,0
Court issues new circuit assignments,0
Michigan GOP Congressman Tells Trump 'It's Over': 'The Voters Spoke',0
Message to Iran: B-52 bombers deployed to Middle East,0
Putin not ready to recognize Biden win,1
The Latinx Culture War is the Untold Story of the 2020 Election,-1
AOC calls out Mitch McConnell for Senate's Thanksgiving break without stimulus deal,0
"Republicans ask Michigan election board to delay certification for two weeks, audit Detroit votes",-1
Rep. Jeffries: Trump is in a massive meltdown right now,0
DHS tries to self-correct succession order amid challenges to acting secretary's authority,1
Pennsylvania GOP Sen. Toomey Says Trump Should Accept Election Loss,0
Leadership changes at top cyber agency raise national security concerns,1
Loeffler tests positive for COVID-19,1
Joe Biden must understand South Dakotans if he wants a national mask mandate,0
"GOP asks Michigan not to certify election results, citing ‘irregularities’ | The move follows speculation that Trump is seeking to persuade Michigan Republicans to override election results",0
Biden transition adviser: Legal action for ascertainment of win 'isn't our preference',1
Biden aide says GSA holdup prevents background checks on cabinet picks,0
Giuliani distances Trump campaign from attorney Sidney Powell,0
"After Pennsylvania legal defeat, Trump digs in despite new pressure to concede election",0
Biden’s 1st Cabinet picks expected Tuesday as president-elect moves forward with transition,0
Michigan House speaker floats possibility of 'constitutional crisis',-1
"As A Formerly Incarcerated Addict, I’m Overjoyed About Oregon’s New Drug Law — This life-altering decriminalization measure will hand addicts a life preserver in the form of treatment and no jail.",1
Judges Are Not Impressed by Rudy Giuliani's Evidence of 'Widespread Nationwide Voter Fraud',-1
Biden adds Obama administration veterans to top staff,1
Twitter says it’s handing @POTUS account over to Joe Biden on Inauguration Day,0
"Trump forges ahead with frantic effort to overturn election | Having exhausted many of his legal options, Trump is looking at other ways to subvert Joe Biden’s victory.",-1
A Few More Hill GOPers Push Trump To Accept Reality As More Legal Battles Fall Flat,0
‘Build Back Better’ Should Mean Reducing Contractor Influence Over the Pentagon Budget,0
Should Michèle Flournoy Be Secretary of Defense?,0
Trump targets Medicare drug prices with cost-cutting measures,0
Let John and Gisele Fetterman Restore Your Faith in American Democracy,1
"GOP seeks certification delay, state recommends approval",1
Joy Reid: It looks like Republicans 'want to hand Biden mega crises' and a country that's broken,1
"Actually, it makes perfect sense that Biden would get more votes than Obama",1
Judge bars Trump appointee from interfering in Voice of America,0
"Trump Orders Hasty Afghanistan, Iraq Drawdowns to Beat Biden Inauguration",0
AOC slams Kyle Rittenhouse’s release on $2M bond as ‘law and disorder’,0
"Dear Trump supporters: Those who egg on the president now, given the damage he does to America, are truly reprehensible",1
We Need a National Institute of Climate Change and Health,0
"What lies ahead: After the damage of the Trump era, can America avoid disaster?",-1
"Biden Considering Lisa Monaco, Sally Yates For Attorney General",0
Detroit voters sue President Trump over his attempt to block certification of election results,-1
Donald Trump Is Leaving Behind Blueprints to End Democracy - And I fear there’s no going back,-1
Liz Cheney: Trump should respect ‘the sanctity of our electoral process’,1
Trump team making false argument about his 2016 transition,-1
‘Do they just not care?’ Miami immigrants troubled by surge of Latino support for Trump,0
"Trump Lawyer Sidney Powell Says Georgia Election Lawsuit 'Will Be Biblical,' Suggests GOP Governor Helped Biden",-1
Democratic senators warned of potential 'vote switching' by Dominion voting machines prior to 2020 election,-1
"Can Biden vanquish Democrats' old, debilitating ghosts?",0
"""Joe Biden Way"" sign unveiled in Scranton",0
Both GOP Senators in Georgia Runoffs Are Self-Isolating,0
"3 ‘dead’ Georgia voters in fact very much alive: Trump, Tucker Carlson get it wrong",0
Trump goes golfing in middle of G20 summit,0
Biden to Work to End Executions as Government Sets 3 More,0
"Battered by setbacks in push to reverse Biden win, Trump persists with fraud claims",0
"Blue states are blowing the Covid-19 response, too. We need a national response",0
‘Can’t Shake the Stink of Self Dealing’: Sen. Loeffler Mocked for Her ‘I’ve Been totally Exonerated’ Campaign Ad,-1
Twitter will give @POTUS handle to Joe Biden on Inauguration Day,0
President says Trump Jr. doing 'very well' after COVID-19 diagnosis,1
Trump tweets about election results and skips session on pandemic during G20,0
Twitter will transfer presidential accounts to Joe Biden on Inauguration Day,0
The ‘last voice in the room.’ What will Kamala Harris do as Joe Biden’s vice president?,0
Apple is lobbying against a bill aimed at stopping forced labor in China,-1
Chris Christie Tears Into Trump's Legal Team: 'A National Embarrassment',-1
Analysis: How Georgia proves Trump has no chance of winning,1
"In last-gasp maneuver, Trump campaign tries to invalidate thousands of votes as Wisconsin recount gets underway",0
"Trump team pushing state legislatures, US House to decide election outcome",0
Culture wars fuel Trump’s blue-collar Latino gains: “Most Latinos identify first as working-class Americans. And Trump spoke to that.”,-1
"In Public, Trump Still Claims He Won. In Private, Aides Say He’s Planning for Life After Presidency.",1
Trump skips G20 coronavirus meeting to play golf and tweet bogus election claims,1
'GOP made a bed of nails': Scaramucci on Republicans appeasing Trump,1
The only way Republicans can lead again,0
"Chris Christie Calls Trump Legal Team ‘National Embarrassment,' Tells President to End Election Suits",0
AP Fact Check: Trump's flailing effort resting on mendacity,0
Maryland officials renew Hogan criticism on 500K virus tests,-1
"Michiganders Erupt After Their Maskless Lawmakers Sip Dom Perignon At Trump Hotel - Michigan legislators celebrate together after secretive meeting with Trump, who has been plotting to overturn the state’s vote for Joe Biden.",1
Who needs Russia? Loudest attacks on US vote are from Trump,-1
Sen. Toomey congratulates Biden as president-elect after judge rules against Trump in Pa.,0
Honeymoon Already Shaky: Joe Biden Hits A Nerve On Twitter With Money Plea,-1
"U.S. criminal investigators were told to take ‘no further action’ on Caterpillar, ex-client of Attorney General Bill Barr",-1
GOP group files Pennsylvania lawsuit to invalidate state's mail-in ballots—all of them,-1
"Biden will announce first Cabinet picks on Tuesday, chief of staff Klain says",0
Trump rails against Paris climate accord in virtual G20 event,0
"Mitch McConnell says Congress should redirect unspent stimulus money to prop up small businesses, backing Mnuchin in his fight against the Fed",-1
"Two weeks after Biden named President-elect, Trump faces stinging setbacks",0
"Most GOP Senators Stay Mum on Trump's Efforts to Challenge Election, After Washington Post Contacted All 53 of Them",0
"NJ Democrat Calls for Rudy Giuliani, Other Trump Attorneys to be Disbarred",0
"Latest details on US election recounts and court challenges in Georgia, Wisconsin, Pennsylvania, Michigan",0
"Shame the Random, Unknown Government Officials Aiding Trump’s Coup Attempt",-1
Dominion spokesman: 'It is not physically possible for our machines to switch votes from one candidate to the other',0
"Trump's Futile Fight To Overturn Election Loss Breeds Turmoil, Risk",-1
"Opinion | Inside the 'Million MAGA March': Hate groups, families and false claims of election fraud",-1
"GOP Sen. Kevin Cramer: Transition should start ""tomorrow morning""",0
Trump campaign asks for another Georgia recount,0
Women set to take key roles in Biden administration,0
Donald Trump appears to admit Covid is 'running wild' in the US,1
Trump’s quest to overturn election runs into quiet resistance from local and state Republicans,0
Why New York Again Trails Almost All States in Counting Votes,0
Trump campaign says Sidney Powell isn't a member of its legal team,0
US economy hurtles toward 'COVID cliff' with programs set to expire,-1
Last challenge to Maricopa County election results tossed by judge,0
Carson says he's 'out of the woods' after battling COVID-19,-1
Ted Cruz suggests he won't give up Thanksgiving plans as his home state of Texas sends in the National Guard to process dead bodies,-1
Tibetan political leader makes visit to White House for first time in six decades,0
"Loren Culp, refusing to concede Washington gubernatorial race, turns on top Republicans",-1
Many GOP Lawmakers Shrug off Statehouse Mask-Wearing Rules,0
Full Cramer: 'Past time to start a transition' but Trump still has a right to challenge,0
What Happened When a School District Banned Thin Blue Line Flags,-1
"Analysis: With Silence, GOP Enables Trump's Risky Endgame",-1
Trump steps on Michigan lawmakers' message in tweets after meeting,0
Board of State Canvassers faces potential deadlock: Is it time for reform?,-1
The Cabinet Appointments That Really Matter In The Incoming Biden Administration,0
Analysis: Donald Trump has left the world stage. Few will miss him,0
"GOP civil war inspired by Trump grips Georgia, threatens other states",-1
New York Democratic Leaders Caught Maskless At Private Party Despite COVID Restrictions,1
Big California donors want to fill Kamala Harris’s Senate seat with a woman of color,0
"Despite court challenge , Wisconsin governor renews mask mandate",0
Biden to name longtime aide Blinken as Secretary of State,0
Missing Links: Trump Goes Golfing In Middle Of G20 Summit,-1
"Trump’s monumental sulk: president retreats from public eye as Covid ravages US | Two weeks after his defeat, Trump has gone from always present to effectively missing, behavior that many say is an unprecedented and dangerous",-1
Court: Tennessee can enforce Down syndrome abortion ban,-1
Steve Mnuchin Is Doing His Part to Sabotage the Biden Administration on His Way out the Door,-1
"Mondaire Jones, One of 1st Black Gay Congressmen, Is Voted Freshman Leader",0
Chris Christie Says Trump's Legal Team Has Become a 'National Embarrassment',-1
"GOP senator congratulates Biden, says Trump should accept results",1
"Trump attacks big Pharma, announces programs to lower drug prices",-1
Election 2020 updates: Michigan GOP Speaker Chatfield drinks at Trump Hotel; Carson was 'desperately ill' from COVID,-1
Rudy Giuliani says election case losses help Trump campaign’s strategy to get ‘expeditiously’ to Supreme Court,1
Trump tells G20 leaders he wants to work with them ‘for a long time’,0
Republicans Rewrite an Old Playbook on Disenfranchising Black Americans,0
Trump legal team disavows association with lawyer Sidney Powell,0
Ben Carson Confirms Trump’s Friends Get Better Coronavirus Treatments,1
Florida Bans on Conversion Therapy for Children Voided by U.S. Appeals Court,0
Trump's attempt to steal the election unravels as coronavirus cases surge,-1
"Biden to name first Cabinet picks Tuesday, as Trump bemoans swift actions",1
"Pro-Trump protesters, counterprotesters gather at Georgia Capitol in Atlanta",-1
"Split-screen: Biden preps to be president, Trump fights for the job he is ignoring",-1
AOC Attacks Double Standard After Accused Kenosha Shooter Rittenhouse's Release: 'Law and Disorder',-1
Leaders of Latin America's biggest countries hold off on congratulating Biden,0
Biden could announce Cabinet picks as soon as next week,0
Sen. Graham says Biden should have access to classified intelligence briefings,1
Trump administration pulls out of Open Skies Treaty with Russia,0
‘Stop Golfing And Concede’ | Gov. Larry Hogan Hits Back At President Trump’s Tweet On South Korea COVID-19 Tests,0
A Push Emerges for the First Native American Interior Secretary,0
Mnuchin’s Inglorious Endgame,0
"Yes, Trump Is (Still) Engaged in an Attempted Coup; and Yes, It Might Lead to a Constitutional Crisis and a Breaking Point",1
Blackburn refers to Biden as president-elect; spokesperson says GOP senator ‘misspoke’,0
Abrams’ group funds grassroots efforts to win Georgia’s Senate runoffs,1
Incoming chief of staff says Biden will begin announcing top Cabinet picks this week,1
GOP lawmaker patience runs thin with Trump tactics,0
Immigration activists have renewed hope with Biden's victory,1
"GOP Sen. Kelly Loeffler, in Georgia runoff, tests positive for coronavirus; receives 2nd inconclusive test",1
"US-China relations: come together to beat Covid-19, American academics say in new report",0
Hogan: Trump making US look like a 'banana republic',1
White House largely silent on health precautions for Thanksgiving,0
Pompeo says Mideast strategy will be Trump administration policy 'until our time is complete',0
Hundreds in Newaygo protest latest COVID-19 order that closes in-person dining,-1
"The Damage Trump Could Do Before the Inauguration - Some of his methods would be immediately evident; others, hidden.",-1
Wisconsin officials: Trump observers obstructing recount | Election officials overseeing the recount of presidential votes in Wisconsin’s largest county are accusing observers for President Donald Trump of unduly slowing the process,0
Republican Gov. Larry Hogan is 'embarrassed that more people in the party aren't speaking up' against Trump's refusal to concede,0
Twitter to hand over @POTUS account to Biden on January 20,1
"Twitter Recognizes Biden as the Next @POTUS, Despite Trump's Denial",0
"A group of Michigan voters are suing the Trump campaign for disenfranchising Black voters, lawsuit alleges",-1
Orlando Hall’s Execution Continues Administration’s Unprecedented Blood Lust at the Expense of Justice,1
Against Returning to Normal | Joe Biden positioned himself as the “return to normalcy” candidate. But normalcy is not something we can afford—we must actively resist it.,1
Florida man still pitching trailer park as site of future Trump presidential library,0
"Larry Hogan to Trump: 'Stop golfing and concede' the election 'If you had done your job, America's governors wouldn't have been forced to fend for themselve,' Hogan said",0
Senators push to stop Trump administration’s proposed arms sale to UAE,-1
"Murkowski calls on Trump to begin transition process, decries 'pressure campaign on state legislators'",-1
Mnuchin insists US has $800bn 'bazooka' after clawing back funds,0
"Keller @ Large: Rep. Stephen Lynch Says Country In 'Desperate Position,' Needing New Stimulus Package",-1
New 'squad' member suggests Biden needs to pay minority communities back after election support,1
Trump's legal team requests recount of georgia presidential vote,0
Michigan group sues Trump campaign citing disenfranchisement of Black voters - The plaintiffs say the campaign's legal challenges to the election violated their voting rights.,-1
Why a federal judge threw out Trump's Pennsylvania election lawsuit,-1
The Two Biggest Losers: Trump and Giuliani — The bigoted New York septuagenarians team up for one last hurrah.,0
House Democratic Caucus chairman: Trump's presidency was a 'scam',0
Small but growing number of Republicans tell Trump it’s over: “Stop golfing and concede”,1
Biden Says Containing Pandemic Is Vital to Economic Recovery,1
U.S. courts find no voter fraud despite cries from Trump’s legal team,-1
"No, Venezuelan communists did not interfere in the election. Yes, Trump’s legal team claimed that.",1
A Republican judge just tore into Trump’s election lawyers for their incompetence. Trump’s lawyers asked a judge to disenfranchise nearly 7 million voters. It ended badly for Trump.,-1
Alaskans have approved ranked-choice voting. Now what?,1
'Absolutely shameful': Schiff condemns Trump's golf outing,-1
Judge Dismisses Trump Campaign's Bid To Delay Vote Certification In Pennsylvania,-1
The Transformation of Diplomacy: How to Save the State Department,1
Elections dealt setback to Minnesota gun control advocates,-1
"Biden inauguration will be ‘scaled down’ because of coronavirus, chief of staff says",0
US formally withdraws from Open Skies Treaty that bolstered European security,1
"Distinguished pols of the week: For responsible Republicans, look outside the Beltway",1
"Sanders, Warren under scrutiny as Biden weighs Cabinet picks",0
Joe Biden’s first Cabinet picks expected Tuesday amid Trump's road blocks to transition,-1
How civil rights leader James Clyburn helped Joe Biden and Black America win the White House,1
"Pa. Sen. Toomey congratulates President-elect Joe Biden, calls on Trump to begin transition",0
"Trump’s election legal strategy is all but doomed, but still could damage American democracy, experts say",-1
Former Facebook leaders are now transition insiders,0
Republican Pa. Congressman Seeks Court Order Throwing Out All Mail Ballots in Long-Shot Suit,0
States and Local Republicans standing up to Trump are putting National GOP leaders to shame,-1
Michigan Democrats are taking a stand against Trump's campaign to steal the state's vote,-1
Romney vs. Chachi? Actor Scott Baio threatens to run against Utah senator in 2024 over Trump rebuke.,-1
"Brian Stelter Slams Lara Trump For Declaring Trump Voters Don’t ‘Feel’ That He Lost - “Facts do not care about your feelings,” the CNN host said.",-1
FDA authroizes emergency use of Regeneron antibody treatment given to Trump,-1
Trump's 'Death Star' strategy: Forcing a fight over states' electors,-1
"Georgia Gov. Brian Kemp certifies election results, calls for another hand recount",1
"What's the status of a second $1,200 stimulus check?",0
Senators who urged ‘voters to decide’ impeachment won’t admit Trump lost the election,0
Census workers from across US are raising big concerns about this year’s count,0
Trump campaign parts ways with Powell after vote-switching claim,0
Rudy Giuliani and Sidney Powell 'Enabling Each Other' With Claims 'From the Far Side of the Moon': Geraldo Rivera,0
A Blueprint for Racial Healing in the Biden Era,0
Barack Obama: ‘Donald Trump and I tell very different stories about America’,0
"No, State Legislatures May Not Reverse the Result of the Election",-1
Judge's devastating question for team Trump,-1
Republican senator congratulates Biden telling Trump to ‘accept outcome of election’,0
Hogan ramps up criticism of Trump: 'Stop golfing and concede',-1
Chris Christie rips Trump's legal team as ‘national embarrassment’,0
America is just too big and the system is struggling to hold everyone together,-1
Trump maintains unproven 'massive' fraud claim after meeting with Michigan lawmakers,-1
Attorney Heading Up Trump Campaign's Wisconsin Recount Effort is Seeking to Throw Out His Own Vote,0
Secretary of state expected to be among the first positions Biden fills with Blinken as leading contender,0
"Federal court strikes down conversion therapy bans in Florida | Conversion therapy aims to change people’s sexual orientations or gender identities and is prohibited for minors in 20 states and Washington, D.C.",-1
"Analysis: With silence, GOP enables Trump’s risky endgame",-1
Why Private Health Insurance Makes No Sense | It’s important for everyone to understand exactly why it needs to be gotten rid of.,0
"The Pentagon failed its audit again, but sees progress",1
"Trump ally, former NJ governor Chris Christie: president’s election fraud claims are a ‘national embarrassment’",-1
"Justice Dept. meets Trump, Giuliani vote-fraud claims with silent skepticism",1
Bolton calls on GOP leadership to label Trump's behavior 'inexcusable',0
Grassley misses Senate vote; first time in 27 years,-1
"Loeffler self-isolating after positive, then inconclusive, coronavirus tests",1
"If you think Biden's administration will rein in big tech, think again — The US president-elect is reported to have appointed former employees of Facebook and Amazon to his transition team",0
Trump’s campaign vows to appeal Pennsylvania lawsuit all the way to Supreme Court,1
US withdraws from Open Skies Treaty with Russia: officials,0
Chief Afghan peace envoy says US troops pulling out too soon,1
Michigan group sues Trump campaign for alleged mass voter suppression,0
Michigan leader: Trump didn’t ask for election interference,0
Can Republicans Get Trump-Style Turnout Without Trump on the Ballot?,0
Trump campaign says Sidney Powell not a member of legal team,0
Biden to Name Longtime Aide Blinken as Secretary of State,0
Charles Koch: Partisan politics don’t work. It’s time for a new way,0
Joe Biden Doesn’t Need the Senate to Boost the Economy and Tackle Climate Change,1
President-elect Joe Biden will announce cabinet picks Tuesday,0
Judge rules against Trump global media chief after firings,0
"Tucker Carlson: Forget democratic norms, Democrats want to punish Trump and his supporters",-1
A vindictive Trump seeks to undermine Biden’s presidency,-1
A destructive legacy: Trump bids for final hack at environmental protections,-1
"Young voters in the US turned out in record numbers in 2020, powering Biden's presidential victory",0
A student debt bailout would be unjust — Wiping out college loans would disproportionately enrich the well-to-do at the expense of those less fortunate.,-1
Oligarch of the Month: Kelly Loeffler,0
"State, national GOP seek to delay certification of election results",-1
Tapper: Judges are running out of pejoratives for Trump's legal efforts - CNN Video,0
The shadow of Obama: what influence will the ex-president have on Biden?,0
Michigan attorney general looks at criminal charges for state officials who would overturn election results,-1
Biden Crowdsourcing Money for Transition as Standoff with Trump Continues,0
"The Trump campaign’s much-hyped affidavit features a big, glaring error",-1
Biden Plans to Move Fast With a ‘Climate Administration.’ Here’s How.,0
Mao’s Lesson for Trump’s America | Beware of leaders willing to set their own country on fire.,-1
"Trump’s legal team cried vote fraud, but courts found none",-1
Rudy’s bitter end: A former friend and staffer tracks the mayor’s sad decline,-1
CNN's Brianna Keilar rolls the tape on Donald Trump's history of baselessly claiming election fraud,-1
Joe Biden Turns 78 and Will Be the Oldest President — After Trump Broke the Record Right Before Him,-1
Lee Chatfield: Michigan could face ‘constitutional crisis’ over election,0
US election: Michigan Republicans seek to delay vote certification,-1
"Voice of America's 5 Months Under Trump CEO: Lawsuits, Bias Claims, And A Sex Scandal",-1
"McEnany: Trump's path to victory is Supreme Court, exposing 'systemic' voter fraud",-1
Senator Kelly Loeffler of Georgia is in isolation after testing positive for the virus.,1
Biden team solicits donations to fund presidential transition as Trump administration blocks federal money,-1
Why counting presidential votes is not for federal district courts-The remaining litigation almost certainly will not have a practical effect on the election’s outcome for a variety of reasons,0
"Let's count the ways Donald Trump has tried to subvert this election, shall we?",0
Trump skipped a coronavirus meeting with G20 leaders to play golf,1
Trump Skips G20 Session on Coronavirus Pandemic and Goes Golfing Instead,0
Food bank workers beg for stimulus package before Thanksgiving as COVID cases spike,0
"They're All in on This, Top to Bottom",1
Pat Toomey: Trump Campaign Has Exhausted Legal Options and Biden Won,1
I met ‘monster’ reality TV star Donald Trump 16 years ago. The reality of him has been monstrous . . .,0
Why Biden is crowdfunding his White House transition,0
"Out of 53 Republican senators, only two have stood up to Trump's attempt to overturn the election",0
Hispanic Voters in Florida Feel Election Was Stolen from Trump,-1
'It's everything': Here's how a pair of Senate races in Georgia in January could decide whether Congress enacts a $3.4 trillion stimulus plan,0
US election results: Why Trump increased support among non-whites,1
The Republican Wing of the Democratic Party,1
Trump has longstanding history of calling elections 'rigged' if he doesn’t like the results,1
Trump faces pressure from Republicans to drop 'corrosive' fight to overturn election,-1
"Kansas issued a face mask order. Counties that opted out saw COVID-19 cases rise 100% in 6 weeks, CDC says",0
Dominion rep responds to Trump campaign claims in Fox News interview: 'Physically impossible' to switch votes,0
Trump Using Last Days to Lock in Policies and Make Biden’s Task More Difficult,-1
President-elect Joe Biden to announce Cabinet picks Tuesday,0
"Republican leaders ask Michigan election board to delay certification of results, in latest GOP effort to cast doubt on the vote",-1
"Dozens of claims about election fraud, debunked | PolitiFact",-1
"Ronna McDaniel has reportedly warned Donald Trump Jr., Kimberly Guilfoyle could succeed her as RNC chair",1
Many GOP lawmakers shrug off statehouse mask-wearing rules,0
Progressive initiatives popular even in red states,1
Laid-Off Workers Lobby For Unemployment Benefits To Continue,0
"Stacey Abrams helped register 800,000 voters and flipped Georgia for Biden. Here's what anyone can learn from her ability to inspire and influence others.",1
Democrats fell into the language trap — again,-1
Republicans quietly plot to sink Biden nominees,0
It’s time for California to end the racist and expensive war on drugs. Here’s how,-1
Taiwan shifting attention to Biden in push for trade deal,0
United States formally withdraws from Open Skies treaty,1
Support swells for Deb Haaland Cabinet post - Dozens of tribal officials and voting activists are pushing for the congresswoman's selection as the first Indigenous secretary of interior,1
Trump formally requests recount in Georgia,0
Biden's popular vote lead over Trump stretches to more than 6m,1
Black Farmers Have Been Robbed of Land. A New Bill Would Give Them a “Quantum Leap” Toward Justice,1
Coronavirus updates: Donald Trump Jr. tests positive; model estimates 471k US deaths by March; Cuomo to receive International Emmy,1
U.S. Army Didn't Seize Election Servers in Germany,0
Joe Biden Should Reach Out to China for Help on North Korea,1
"‘Bye, Betsy’: Educators Celebrate the End of the DeVos Era",1
Trump options narrow as Michigan backs Biden win,1
COVID-19 has been smoldering in rural America for months. Here’s why we missed it.,-1
"'I'm Listening to God, Not the WHO': Pastor Robert Jeffress Rejects Holiday Restrictions",0
GOP's Faulconer 'seriously considering' a run against Newsom,0
Treasury Secretary Steven Mnuchin flubs and says the White House is 'working on a mass distribution of the virus',1
How Do You Govern When Half The Country Is Trapped In A Disinformation Bubble? | All In | MSNBC,-1
"Biden Chooses Antony Blinken, Defender of Global Alliances, as Secretary of State",0
Trump's defeat by Joe Biden has triggered a huge wave of relief among the United States' European allies,1
Biden adviser: Trump seeking to 'subvert the democratic system' with legal challenges,1
Chatfield warns of ‘constitutional crisis’ day before state board meets to certify election,0
Richmond says GOP 'reluctant to stand up and tell the emperor he wears no clothes',-1
How Georgia's pro-Trump election chief became the bane of the GOP,0
Trump campaign attempts to distance from conspiracy-theorist lawyer Sidney Powell,0
Michael J. Fox says Donald Trump has played on 'every worst instinct in mankind': 'Biff is president!',-1
Donald Trump Will Lose One Of His Twitter Accounts To Joe Biden On Inauguration Day. An account the president uses to retweet his conspiracy theories and vitriol will be wiped and handed over to the Biden administration.,-1
Republican leaders ask Michigan election board to delay certification of results,-1
Op-Ed: How Biden can restore U.S. global leadership after Trump's retreat from international institutions,1
Sidney Powell: There’s lots of evidence of voter fraud,-1
"Sen. Bernie Sanders: ""Thank God"" Joe Biden won the election",1
Biden win revives immigration talk,1
Trump threatens to wreak havoc on the GOP from beyond the White House,-1
Middle East deals should include nuclear energy collaboration | Opinion,1
"After Pennsylvania court defeat, Trump faces new pressure to concede election",-1
Trump team requests recount of Georgia presidential vote,0
"G20 leaders meet to discuss help for poorest nations in post-Covid world, Trump golfs",-1
Trump campaign purges conspiracy-theorist Sidney Powell from legal team,0
Michigan GOP asks state board to delay certifying election results,-1
"Young voters set turnout record, aiding Biden win",1
Biden appoints two former lobbyists to senior staff,0
"GOP Senators Get Stark Reminder Of Their Previous ""Let The Voters Decide"" Demands",0
GOP chairwoman leans into election claims: Party will 'run down every single irregularity',1
Kayleigh McEnany said Trump wasn't given an 'orderly transition of power' in 2016. He was.,0
How Joe Biden Can Use the Political Power of Obamacare to Expand It,1
"Trump Supporters in Georgia Threaten to Destroy GOP, Boycott Runoff Elections",-1
A Biden Administration Can Raise Wages and Give Workers More Power — If It Wants To,0
Biden reaches out. The GOP slaps him in the face.,0
When I met Obama he voiced his belief in the ‘possibility of America’. But the reality is distressing,-1
Hogan 'embarrassed that more people' in the GOP 'aren't speaking up' against Trump,-1
Ben Carson Says He Was 'Desperately Ill' With The Coronavirus,-1
"The final days of lame-duck Trump: Electioneering, revenge and environmental attacks as the president refuses to go quietly",-1
California Approves New Emergency COVID-19 Workplace Protections,0
"Edward Norton tears into 'whiny, sulky, petulant, Grinchy, vindictive' Donald Trump in pointed, poker-laced Twitter thread",-1
Sen. Toomey Congratulates Biden After Pennsylvania Judge Dismisses Trump Lawsuit,-1
Trump Campaign Lawyers File New Pennsylvania Motion Which Misspells Governor’s Name,0
California Dem Official Wonders How To ‘Deprogram’ Conservatives Like In ‘Post-WWII Germany’,1
Trump denies Georgia's results after hand recount; prompts concerns over January's Senate runoff,0
Conspiracy theories are Trump ‘weapons’ in desperate bid to cling to power,-1
Missing links: Trump goes golfing in middle of G20 summit,-1
National Review Slams Trump’s Refusal To Concede As ‘A Bid For Infamy’ — The conservative magazine condemned the baseless lawsuits and conspiracies of the Trump legal team as a “profoundly undemocratic gambit.”,-1
‘Something very historical’: Native Americans push for diverse Biden Cabinet,0
Maricopa County Board of Supervisors vote unanimously to certify election results,0
Michigan Could Face 'Constitutional Crisis' Over Election: State House Speaker,-1
The Republican Party’s future: Being terrorized by its unhinged base,-1
Trump Seeks Expedited Appeal of Pennsylvania Ruling Against Effort to Toss Mail-In Ballots,0
"On Parler, a pro-Trump call for Georgia runoff boycott threatens Mitch McConnell's plan to restrain Biden",-1
Sidney Powell’s road from UNC to defending Trump’s supposed ‘landslide’ reelection,0
More U.S. Congress Republicans openly doubt Trump's election claims,-1
Georgia Sen. Kelly Loeffler quarantining after inconclusive Covid-19 test results,0
"Refusing to concede, Trump pushes for another recount in Georgia",-1
Biden's 1st Cabinet Picks Expected Tuesday Amid Road Blocks,-1
Judge tosses last election lawsuit in Arizona,-1
Senator Kelly Loeffler quarantines following inconclusive COVID-19 tests.,0
"Federal judge rejects Trump campaign's Pa. lawsuit with prejudice, saying it lacks factual proof",-1
Hogan talks of lack of courage by fellow Republicans,1
Black women helped push Democrats to the finish line in Georgia. Here's how they can do it again,0
40% of Top Pentagon Positions Empty After Donald Trump's Firing of Mark Esper,-1
More Republicans Tiptoe Toward Acknowledging Biden’s Victory,0
Outrage in Black community over claims of voter fraud,-1
RNC chair urges Michigan board to pause certification of election results,0
Latinas for Trump founder unseated Florida Democrat after seeing ‘shadow candidate’ enter race,0
"Facing an Election Loss, President Donald Trump Turns to Raw Political Power to Try to Bend the Outcome",-1
"Ben Carson says he was ""desperately ill"" with the coronavirus",-1
Powerful Ohio utilities regulator steps down following FBI search of his home,1
The Memo: Trump plows ahead with efforts to overturn election,0
"Majority of voters now feel hopeful about the state of the U.S., poll says",1
Lara Trump reportedly mulling 2022 Senate run in North Carolina,0
Trump campaign cuts Sidney Powell from president’s legal team - The abrupt shake-up comes as Powell makes far-fetched and unsupported claims of voter fraud in the 2020 elections.,-1
Tibetan political leader visits White House for first time in six decades,0
America is being subjected to a stress test – and Republicans are failing,-1
Judge rules against Trump global media chief after firings | A federal judge has ruled against the head of the agency that runs the Voice of America and other U.S.-funded news outlets who was accused of trying to turn it into a propaganda vehicle to promote President Donald Trump’s agenda,0
Fareed Zakaria: Trump presidency is stomping on the face of democracy forever,0
Chris Christie: Trump’s Legal Team Has Been a ‘National Embarrassment’,0
"Trump's embarrassing, incompetent, humiliating, very sad coup",-1
Chris Christie: Trump's legal team 'a national embarrassment',-1
Could Trump Have Been Our First 100 Million-Vote President?,0
America is Buckling,0
Trump Campaign Disavows Its Own Election-Conspiracy Lawyer,0
Trump Got Tricked by a Twitter Troll Posing as His Sister,0
Brad Raffensperger: Georgia’s election results are sound,0
Democrats expect Biden to name Linda Thomas-Greenfield UN ambassador,0
Coons says hopes for bipartisan U.S. policy to 'out-compete' China,1
"Rudy Giuliani's quixotic frenzy has observers wondering if he may need Trump's protection | ""One explanation? He needs a pardon and he's trying to earn it,"" a CNN analyst says",0
Senator Shirkey and Speaker Chatifeld’s names projected on Trump International Hotel,0
Democrats brush off calls for Biden to play hardball on Cabinet picks,1
Trump supporters plan D.C. rally two days before electoral college votes are cast,1
Megathread: Judge Dismisses Trump Lawsuit Seeking to Delay Certification in Pennsylvania,-1
"GOP Congressman Steve King faces backlash for asking Kamala Harris if she is descended from ""slaves or slave owners""",0
Let Trump Off the Hook in the Name of Elusive Unity? Some Critics Say That Could Be a Big Mistake,-1
Most Republicans greet Trump’s push to overturn the election with a customary response: Silence,1
Public health expert: Americans no longer acting 'with common purpose' on pandemic,-1
Nearly all Pa. counties expect to sign off on election results by Monday despite Trump’s attempts to delay certification,-1
Biden's margin of victory widens as Trump's subversion efforts grow more frantic,-1
Opinion: About that page of pro-Trump letters...,0
Team Trump offering 'fire hose' of conspiracy Kool-Aid for supporters,-1
"Go Ahead, Forgive Student Debt",0
The Fed Could Help Cash-Strapped Cities and States. Mnuchin Has Other Ideas. | The lame-duck Treasury secretary seems to want to sabotage Biden’s ability to stave off the pandemic’s economic impacts.,1
"Trump, laden with $400 million debts, plans to cash in on his post-presidency with a book deal, media appearances, and selling rally tickets, according to a report",0
Pompeo’s Grotesque Farewell Party in Israel Shows That the Trump Team Knows It's Over — Pompeo used his visit to Israel and the settlements to push forward his pet ideological project and advance his post-Trump political career.,1
Fauci urges Americans to conduct 'risk-benefit assessment' before holiday travel,1
There are so many ways we could have done better,1
"Small but growing number of Republicans tell Trump it's over: ""Stop golfing and concede""",0
"For U.S. election officials certifying results, Trump's refusal to concede has chilling consequences",0
"Mike Kelly, Sean Parnell Request To Declare Mail-In Voting Unconstitutional In Pennsylvania, Deny Results From 2020 Election Mail-In Ballots – CBS Pittsburgh",-1
"Gov. Sisolak issues stronger mask mandate, new capacity limits",1
"Pennsylvania GOP Sen. Pat Toomey Tells Trump It's Over, Congratulates Joe Biden",0
To Compare Trump to Hitler is to Insult the American People,-1
"Auto manufacturers sue to block state’s new right-to-repair law, after voters approved it",0
"Congressman Mo Brooks: House, Not Supreme Court, Decides Presidential Elections",-1
"Meet Pennsylvania’s anger translator, and Donald Trump’s worst nightmare",-1
White House holiday parties won't stop despite coronavirus pandemic,1
Let’s celebrate the handful of Republicans who have chosen principle and decency,1
President-elect: Inheriting an economy in disrepair,0
Arizona turnout proves power of Native vote,0
"The Founders didn’t prepare for a president who refuses to step down, historians say",0
Counted out: Trump's desperate fight to stop the minority vote,-1
Wisconsin election officials say Trump observers are obstructing the recount and interrupting vote counters,-1
"""Trump has exhausted all plausible legal options"": GOP Sen. Pat Toomey congratulates Biden",-1
"Barack Obama on a Biden presidency, racism in the Trump era and what he misses about being president",-1
How Members of Anti-Immigrant Extremist Groups Have Worked Closely with — and Joined — the Trump Administration,0
Failed GOP candidate who denounced Pete Buttigieg’s “homo-ocracy” gets COVID after claiming immunity,-1
Lisa Murkowski calls on Trump to end court fights,-1
Threats to Election Officials Piled Up as President Trump Refused to Concede,-1
"Shutdown deadline nears as White House, Congress tangle over VA funding",0
South Dakota Gov. Kristi Noem Ignores CDC Advice On Thanksgiving Gatherings,-1
"In Georgia, Pence Walks Line Between Trump's Election Falsehoods And GOP Senate Fight",-1
Vandalizing Our Democracy,0
Trump campaign files for new recount in Georgia,0
"Voters support more police oversight in cities across U.S., including in California",1
Trump lashes out at fellow Republicans as his legal challenges to election results fail,-1
COVID-19 vaccines are almost ready to be distributed. Who gets them after health care workers? Here's a list.,1
Pompeo in Jerusalem: ‘Trump Administration Will Continue to Be a Force for Good’,0
U.S. judge calls Trump claim challenging Biden win in Pennsylvania 'Frankenstein's Monster',1
Trump Campaign Didn’t Request a Recount in Wisconsin Counties Using Dominion Machines,0
"With Trump sabotaging American democracy, the Russians don’t need to interfere",0
Trump slams global climate agreement Biden intends to rejoin,1
The Desperate Final Gasps of Team Trump’s Flailing ‘Mini-Coup’,-1
Susan Rice: 'This is most irresponsible leadership during a transition' ever seen,-1
"Biden hits Trump for refusing to concede, says 'national mask mandate' discussed with govs",-1
Wisconsin officials: Trump observers obstructing recount,0
Climate Change One of Biden's Top Priorities,1
Trump campaign again seeks to stop certification of Pennsylvania's election results,-1
Experimental drug given to Trump to treat covid-19 wins FDA clearance,1
Pentagon struggles to contain coronavirus outbreaks,-1
"Analysis: With silence, GOP enables Trump's risky endgame",-1
"Georgia Senate race, Warnock, GOP, religion analyzed by expert",0
Georgia Senator David Perdue Privately Pushed for a Tax Break for Rich Sports Team Owners: It’s unclear why Senator Perdue was interested in tax regulation that would impact only a tiny set of the richest Americans.,1
More Republicans Distrust This Year’s Election Results Than Democrats After 2016,-1
"Trump considers targeting birthright citizenship with executive order in his last weeks in office, report says",0
"Omar suggests Biden should 'reverse' Trump's Middle East agreements, says they 'weren't peace deals'",0
Black Voters Saved Our Democracy,1
Why President-elect Joe Biden should cancel the inaugural balls during COVID,-1
"In 'Tremendous Rebuke' of Trump Appointee, Federal Judge Bars US Media Agency Head From Interfering in News Coverage | ""Michael Pack has repeatedly and intentionally violated the First Amendment rights of VOA journalists.""",-1
Trump attorney Sidney Powell: 'I'm going to blow up' Georgia with new lawsuit,-1
France's Le Drian says he shares Biden's view of Trump's challenge as irresponsible,0
Here are the 3 legal cases Trump may have to face once he’s no longer president,0
Judge slaps down Trump appointee who has sought to reshape Voice of America and related agencies,0
"In Race for “World’s Biggest Bastard,” Stephen Miller’s Star Continues to Rise",0
Pence Expresses Confidence While Coronavirus Surges,1
Trump Yet to Answer One Press Question Since Election As GOP Pressure for His Concession to Biden Grows,-1
Rudy Giuliani has finally worked out Biden’s evil commie plot with Venezuela and he’s going to right the election,-1
"Stimulus Package Delay Caused by 'Do-Nothing Senate' Which Must Now Act, Sanders Says",-1
Trump playing Golf instead of cooperating to fight the Coronavirus Pandemic,-1
"What to make of more than 70m Americans who voted for Trump? — As of today, 73,781,603 people voted for Trump, which amounts to 47.2 percent of the total votes counted.",0
"Trump campaign, rebuffed by district judge, says taking Pennsylvania mail-in ballots case to Supreme Court",1
The federal toll of Trump's failure to lead,-1
Op-Ed: Why Biden should look beyond the usual pool for his Cabinet appointments,0
Tennessee bill would expand coronavirus vaccine exemptions,1
Top mayoral candidate admonishes new voting system amidst efforts to delay it,0
"'It's a big, scary mess': 12 million Americans to lose jobless aid after Christmas if Congress fails to act",-1
"U.S. exits Open Skies treaty Sunday, but could Biden undo Trump's withdrawal?",0
Facts don't support GOP Chair Carnahan's election claims,-1
Trump Wonders Why Joe Biden Is Forming A Cabinet In Latest Tweet Screed,0
How the conservative organizing machine works,0
12 million Americans could lose crucial unemployment benefits just after Christmas,-1
‘People of Color’ Do Not Belong to the Democratic Party,1
Opinion | Who Will We Be Without Donald Trump?,0
"In cities nationwide, voters sanction more police oversight",0
US Chamber of Commerce chief calls on Trump to stop delaying transition to Biden presidency,-1
Biden's lead over Trump surpasses 6M votes as more ballots are tallied,0
"Biden will receive @POTUS Twitter account on Jan. 20 even if Trump doesn't concede, company says",0
Trump was pictured on his Virginia golf course during a coronavirus meeting for G20 leaders,0
Detroit voters sue Donald Trump over unsubstantiated claims of voter fraud,-1
"Texas State Board of Education makes changes to Sex-Ed classes, excluding LGBTQ youth",0
The Wildly Important Legacy of Donald Trump,1
Some Catholic leaders worried Joe Biden’s policies will go against church teachings.,-1
Trump skips G20 pandemic event to visit golf club as virus ravages US,0
Trump seeks expedited appeal of Pennsylvania ruling against effort to toss mail-in ballots,0
Pompeo touts Iran policy in Gulf ahead of Biden presidency,0
"Bernie Sanders renews call for stimulus payments, slams ‘do-nothing Senate’",0
"More GOP governors embrace mask mandates, but holdouts remain",0
"Biden's likely pick to lead the Pentagon isn't a win for feminism - Michèle Flournoy might become the first woman in charge of the Pentagon, but it seems unlikely she’ll do anything to actually change US foreign policy for the better",1
Putin holding off on US presidential congratulations,1
Analysis | The Pa. county that explains how Biden won big while other Democrats struggled,1
Another defeat for Trump election claims,-1
Trump tweets undermine Michigan leaders; images show Chatfield drinking at Trump hotel,-1
Lawyers for U.S. Homeland Security whistleblower get security clearances,1
"CEO Over VOA Acted Unconstitutionally In Pursuing Bias Claims, U.S. Judge Rules",0
Nearly 200 legislators have tested positive for coronavirus nationwide and four have died as GOP flouts rules,0
Trump appeals rejection of effort to block Pennsylvania vote,-1
"For Netanyahu and Israel, Trump’s Gifts Kept on Coming. Allowing the convicted spy Jonathan Pollard the ability to emigrate to Israel was just the latest in a long list of prizes for America’s closest ally in the Middle East.",1
What a Biden-Harris Administration Means for U.S. Immigration Policy,0
Loeffler has negative COVID-19 test 2 days after positive,0
These seven Californians could get jobs in the Biden administration,0
The GOP's Post-Trump Identity Crisis: What's Next For The Republican Party?,-1
"Gavin Newsom, Andrew Cuomo and the perils of pandemic stardom",0
Trump Organization's consulting payments to Ivanka Trump are focus of NY tax probe,0
Trump Legal Team Distances from Sidney Powell,0
Trump's daughter-in-law Lara reported to be considering 2022 Senate run,0
Congresswoman Liz Cheney is the latest Republican calling on Trump to prove fraud claims in court,-1
Trump admits Michigan Congressmen met to discuss coup,1
"This Republican governor's explanation for why he won't issue a mask mandate is, uh, something else",0
'These are the words and actions of an attempted coup',0
"Duty or Party? For Republicans, a Test of Whether to Enable Trump",1
Hold The Champagne: What Happens When Neither Party Gets To Celebrate The Election?,1
Liz Cheney says Trump should respect ‘sanctity’ of election if he can’t prove claims in court,1
Trump tells G-20 world leaders that Paris climate accord was 'designed to kill the American economy',-1
Trump’s State Department to defund international non-profits that support BDS,1
Trump does not participate in G-20 event on global pandemic preparedness,0
Trump appointed judges in Florida overturn ban on conversion therapy for minors,-1
The Supreme Court’s “Breathtakingly Radical” New Approach to Election Law,1
GOP Michigan ex-governor says state board will certify Biden winner over 'bully' Trump,1
Georgia Governor calls for Audit after state certifies result,0
Will Trump Screw Up Republican Efforts to Hang Onto the Senate?,0
One In Three Americans Didn't Vote. Should We Force Them To Next Time?,0
'Certify the Results!': GOP Michigan Lawmakers Blasted for 'Legitimizing a Fascist Coup Attempt' by Meeting With Trump,-1
Where and why President Trump’s election challenges are falling flat in court: explainer,0
Twitter will hand @POTUS account to Joe Biden on Inauguration Day,1
Bolton: 'Trump is throwing rocks through windows',0
Call it what it is: an attempted coup,0
Rep. Jordan rips coronavirus restrictions: 'The Constitution is not suspended during a crisis',1
Biden wades into coronavirus relief fight,0
Biden to work to end executions as government sets 3 more,0
Eric Shawn presses spokesperson for Dominion voting systems on fraud claims,-1
"Trump, the Saboteur. First a Tantrum, Then Taking Every Opportunity to Trash Our Government",0
CIA Awards Secret Multibillion-Dollar Cloud Contract,1
Saturday Morning Political Cartoon Thread,0
Biden faces politically thorny decision on Trump prosecutions | TheHill,-1
What The U.S. Election Meltdown Looks Like to Other Countries,1
"Trump Requests Georgia Recount, Meaning 5 Million Votes Will Be Tabulated A 3rd Time",0
A tragic farce: Trump's ignominious White House exit,-1
"Battered by failures to reverse Biden win, Trump, allies persist with fraud claims",-1
"Dear Ambassador Friedman, Farewell, I’m Not Shedding a Tear",1
Twitter will hand @POTUS account to Biden on Inauguration Day,1
What the Biden Presidency Could Mean for Africa,0
"""Stop golfing and concede"": Maryland GOP Governor Larry Hogan spars with Trump",-1
"'Unacceptable': Wisconsin Election Officials Say Trump Observers Hindering Recount With Constant Interruptions, Questions",-1
Chris Christie calls the conduct of Trump’s legal team a ‘national embarrassment’,0
"Biden's first Cabinet picks coming Tuesday, chief of staff Klain says",0
'Stop golfing and concede': Gov. Hogan fires back on Pres. Trump's COVID test claims,-1
Wisconsin Trump Campaign Lawyer Trying to Throw Out His Own Vote,0
"Court rules Tennessee can deny abortions over Down syndrome, race or gender",-1
Impeach the president again — Removal from office wouldn’t be the goal this time. It would be to prevent Trump from running again.,0
Can America Restore the Rule of Law Without Prosecuting Trump?,1
Editorial: Texas’ leaders should urge Paxton to step down,0
Kelly Loeffler’s positive coronavirus test creates new cloud over Georgia’s dual Senate runoffs,1
Michigan GOP legislators appear at Trump Hotel after White House meeting,0
"Trump or No Trump, Religious Authoritarianism Is Here to Stay",-1
Justices put off case over access to Russia probe grand jury,1
Conservative News Site Warns Trump: 'Concede And Move On',0
"FDA authorizes Regeneron's Covid treatment, taken by Trump, for emergency use",-1
"What Trump faces on Jan. 20, 2021",0
Georgia's Secretary of State: GOP is looking for “scapegoats”,0
Breakingviews - Mnuchin and Powell create dangerous guessing game,-1
Claim that Trump 'was never given an orderly transition of power' is false,0
"We're celebrating Thanksgiving amid a pandemic. Here's how we did it in 1918 — and what happened next. On Thanksgiving more than a century ago, many Americans were living under quarantines, and officials were warning people to stay home for the holiday.",1
"Trump team requests another recount of Georgia’s presidential race, a day after results certified in Joe Biden’s victory",0
Expiring stimulus programs threaten economy during COVID-19 pandemic,-1
Trump Owned By Parody Twitter Account He Apparently Believed Was His Sister’s,0
Why Can Trump Try To Steal The Election? Blame The Electoral College.,-1
"1 America, 1 Pandemic, 2 Realities",0
Trump privately plots his next act - including a potential 2024 rematch,0
"Pompeo's strange farewell tour, full of symbolism and silence",-1
Georgia Sen. David Perdue declines to debate opponent ahead of January 5 runoff,0
"When the 2024 contenders come around, remember this",0
California NAACP leader to step down amid conflict-of-interest criticism,-1
"Mike Kelly, Sean Parnell Request To Declare Mail-In Voting Unconstitutional In Pennsylvania, Deny Results From 2020 Election Mail-In Ballots",-1
‘My Frustration Turned Into Anger.’ Some Americans Who Lost Family Members to COVID-19 Have Turned Against Donald Trump,-1
"Wall Street Journal Bails on Trump’s ‘Conspiracy Theory,’ Says Giuliani is Not a ‘Serious Practicing Attorney",0
More key Republicans tell Trump to end delays. ‘Past time to start a transition’,0
Letters to the Editor: Stop Donald Trump's coup. Impeach him again,-1
Black Detroit voters sue Trump campaign over effort to invalidate election results,0
"Biden must listen to Asia, avoid dividing region: Singapore's former US ambassadors",-1
Kayleigh McEnany’s Latest Trump Lie Is Firmly Debunked In Viral Video,0
"#Resist was a success, in looking back at Trump's presidency",1
"Rahm Emanuel Reportedly Being Considered for Biden's Cabinet, a Choice That Would Be a Slap in the Face to Black Voters",0
Trump Is Staging a Comically Incompetent Coup — It would almost be possible to laugh at this debacle if the stakes weren’t so serious.,0
Los Angeles County on the Brink of New Health Orders Amid Surge in Covid Cases,0
Michigan Republican warns of ‘constitutional crisis’ ahead of meeting to certify election results,0
Biden opens the door to protecting the Arctic Refuge,0
"Biden Team, Pushing Quick Stimulus Deal, Prepares for Renewed Recession",-1
"Hunter Biden associate got $6M from Chinese firm, say Senate Republicans",0
Trump campaign files appeal after Pennsylvania judge shoots down lawsuit,-1
Election Updates: Trump Campaign Faces Major Legal Setbacks; Biden Wins Certified,1
Fixing the cracks in America’s foundation,0
Trump tries to leverage power of office to subvert Biden win,1
Biden will receive @POTUS Twitter account even if Trump refuses to concede,0
"Putin says ready to work with any U.S. leader, wants formalities settled",1
"In Wisconsin recount, Trump challenges pile up, slow tally",0
Michigan Group Sues Trump for Disenfranchising Black Voters,0
Christie calls Trump's legal efforts a 'national embarrassment' as more Republicans speak out,-1
Yet another Georgia election official receives threats after state certifies Biden win,1
Republicans launch Pennsylvania lawsuit that argues GOP-backed bill allowing universal mail voting is unconstitutional,-1
"Biden inauguration will be scaled down amid COVID, aide says",0
Chris Christie dismissed Trump's legal team as 'a national embarrassment',-1
Michigan Legislators Spurn Trump’s Bid to Overturn Election Results,0
Ben Carson says he's 'out of the woods' after being 'extremely sick' with COVID-19,-1
"GOP Senator Has Instructed Staff to Cooperate With Biden Transition, Says It's 'Past Time' for Trump to Do Same",0
Analyst on if electors can vote against their state's popular vote,1
Trump Campaign Lawyers Step Up but Are Swiftly Knocked Down,1
"Release: Toomey Statement on PA Federal Court Decision, Congratulates President-elect Biden",0
The Biden two-step: How nations around the world are scrambling to prepare for new White House,0
"Wisconsin election officials say Trump observers obstructing recount, some ‘clearly don’t know what they are doing’",0
Pete Buttigieg May Be Contender For Biden’s Cabinet | NBC News NOW,0
"GOP Sen. Blackburn Calls Biden President-Elect, but Later Takes it Back",0
"Georgia GOP governor says he understands Trump's frustration, but maintains he's following state laws",-1
Democrats' New Plan To Win Georgia's Crucial Senate Seats In A Pandemic Is To Actually Knock On Doors,1
Chris Christie calls Trump's legal team a 'national embarrassment',-1
Top Biden adviser seen as making tech regulation more likely,1
Latino Democrats tell Mexican president to get with the program and back Biden,0
Bernie Sanders says GOP ‘has ceased to be a political party’ and is now a ‘cult’ in fiery rebuke of Trump fraud claims,-1
Sidney Powell: Trump legal team disavows lawyer who claimed Venezuelan communists helped rig US election,0
"Trump, GOP’s ridiculous, flailing coup isn’t a joke. It’s a crime. There must be consequences | Will Bunch",-1
"In pushing his claims to the limit, Trump has revealed the fragility of the voting system - and shaken it",0
Some New Mexico essential business close due to virus spike,0
Trump’s last-ditch efforts to overturn results fail to make dent in Biden victory,-1
Miami Republicans won’t criticize baseless Trump claims of Venezuelan election rigging,-1
US Congress members demand halt to deportations of women who accused gynecologist of abuse,-1
Trump May Announce His 2024 Bid Before Year’s End,0
Loeffler self-isolates after positive Covid test,1
Biden expected to announce Tony Blinken as secretary of state,0
"Trump's Michigan election ploy: How it works, and why experts say it will fail",-1
Many GOP lawmakers shrug off Statehouse mask-wearing rules,0
How thousands of scarce Covid shots could go to waste,-1
"Chris Christie: Trump's legal challenges against election results have been ""a national embarrassment""",-1
Trump’s failure to work with Biden is becoming more urgent as Covid spreads,-1
'A Disgrace': Trump's DOJ Schedules Three More Federal Executions in Days Before Anti-Death Penalty Biden Takes Office,-1
Merrick Garland is being considered for Attorney General in the Biden administration,0
"As world leaders meet to talk pandemic, Trump checks out and hits the links",0
The Class War at Walmart,-1
Loeffler Quarantines After Inconclusive Covid-19 Tests And Indoor Campaign Events,0
Republicans demand Michigan delay certifying Biden win for ‘audit’ of Detroit vote,1
‘Abandoning our people’: AOC attacks Mitch McConnell for granting Senate recess without passing coronavirus relief bill,-1
Patriotism means putting the country first and accepting the election results,1
Trump Lawyer Sidney Powell Says She Has 'a Lot of Evidence' of Voter Fraud and Witness Protection May Be Necessary,-1
Biden should think twice before he rescinds the Trump travel ban,-1
Democrats: OMB froze World Health Organization cash with same tactic used to ‘illegally’ halt Ukraine aid,0
Biden's Student Loan Forgiveness Plan Is Idiotic and Immoral,-1
Trump Skips G20 Pandemic Preparedness Meeting as Covid-19 Cases Surpass 12 Million in US,0
A noisy president goes (relatively) quiet in wake of election defeat,-1
"Blocked by Trump, Biden forced to use transition workarounds",-1
Republicans Never Wanted a Fair Fight,0
Get Me Meacham! Biden Brings Back the Media’s Good Old Days,1
Biden's margin of victory over Trump surpasses 6 million votes,0
"Hawaii officials are preparing to immunize 44,000 high-risk residents next month if COVID-19 treatment is approved",1
'A huge catastrophe': Democrats grapple with congressional and state election losses,0
"Recount off to a slow start, especially in Milwaukee where Trump campaign observers object to thousands of ballots, envelopes",0
"How Hispanic Voters Swung Miami Right — Many expected that liberal young Hispanic voters would propel a Democratic wave. But Miami, a city where Hispanics hold the levers of power, confounded expectations.",0
'Last days of Pompeo': US top diplomat trolls critics in long goodbye,0
Newsmax and OANN are telling lies about the election as more people tune in,-1
Joe Biden wants a $15 minimum wage — here’s what’s standing in his way,0
"Facebook, Instagram Will Switch White House Accounts From Trump to Biden on Jan. 20",0
Joe Biden could name most important Cabinet picks within days,1
Geraldo Rivera wants to name the Covid-19 vaccine after Trump,0
Trump is in an unprecedented streak of silence,0
"Tennessee's Down syndrome abortion ban can be enforced, appeals court rules",-1
Obama jokes that Navy SEALs could remove Trump from the White House,1
Federal agency proposes rule aimed at blocking banks from not financing Arctic drilling,-1
Trump’s overarching Middle East strategy reaches a disastrous dead end,-1
Biden chief of staff says inauguration ‘not going to be the same’,0
"Trump dumps Sydney Powell, lawyer who promised to ""blow up"" Georgia, as legal strategy unravels",0
"Paris agreement gets 'new lease on life' under Biden, climate advocates say",1
"Georgia election official dealing with threats, attempted email hacks",-1
Mike Pompeo to meet Taliban negotiators in Qatar | Asia,0
Iowa congressman notorious for racist remarks asks Kamala Harris if she was descended from slave owners,-1
Trump nominee's long road to Fed may be dead end,-1
"Donald Trump says 'I won, by the way' and lashes out at Pfizer claiming it delayed news of the COVID-19 vaccine until after the election",1
Louis: Biden transition news is now the top priority,1
Outrage in Black community over claims of voter fraud in US election,-1
Joe Biden’s begging bowl demeans the world’s most powerful post,1
The Left's 'big-turnout' myth and other commentary,0
‘Stop golfing and concede’: Trump and Maryland Gov. Hogan spar again after president criticizes South Korean tests,-1
